歌曲名称,歌曲ID,歌曲链接,歌手或歌单名称,歌词
情歌,254059,http://music.163.com/song/media/outer/url?id=254059,梁静茹,"作词 : 陈没
 作曲 : 伍冠谚
 编曲 : 陈建骐
时光是琥珀
泪一滴滴 被反锁
情书再不朽
也磨成沙漏
青春的上游
白云飞走
苍狗与海鸥
闪过的念头
潺潺的溜走

命运好幽默
让爱的人 都沉默
一整个宇宙
换一颗红豆
回忆如困兽
寂寞太久
而渐渐温柔
放开了拳头
反而更自由

慢动作 缱绻胶卷
重播默片
定格一瞬间
我们在告别的演唱会
说好不再见

你写给我
我的第一首歌
你和我 十指紧扣
默写前奏
可是那然后呢

还好我有
我这一首情歌
轻轻的 轻轻哼着
哭着笑着
我的 天长地久


命运好幽默
让爱的人都沉默
一整个宇宙
换一颗红豆

回忆如困兽
寂寞太久
而渐渐温柔
放开了拳头
反而更自由

长镜头 越拉越远
越来越远
事隔好几年
我们在怀念的演唱会
礼貌的吻别

你写给我
我的第一首歌
你和我十指紧扣
默写前奏
可是那然后呢

还好我有
我这一首情歌
轻轻的 轻轻哼着
哭着笑着
我的 天长地久

陪我唱歌
清唱你的情歌
舍不得 短短副歌
心还热着
也该告一段落

还好我有
我下一首情歌
生命宛如 静静的
相拥的河
永远 天长地久"
勇气,254485,http://music.163.com/song/media/outer/url?id=254485,梁静茹,"作词 : 瑞业
 作曲 : 光良
 编曲 : Mac Chew
 制作人 : 光良
Recording Engineers: Peter Chong (Mal) / Rahmad
Mixing Engineer: 林正忠
Recording Studio: Synchrosound (Mal) / Baby Boss
Mixing Studio: 谱丽音
Musicians:
Guitars: Jamie Wilson
Bass: Ah Kean
Drum: Gary
Background Vocal Arrangement: 光良
Background Vocals: 光良/周博华
OP: Rock Music Publ. (TWN) Co., Ltd.
ISRC TW-A45-00-653-01
终于做了这个决定
别人怎么说我不理
只要你也一样的肯定
我愿意天涯海角都随你去
我知道一切不容易
我的心一直温习说服自己
最怕你忽然说要放弃
爱真的需要勇气
来面对流言蜚语
只要你一个眼神肯定
我的爱就有意义
我们都需要勇气
去相信会在一起
人潮拥挤我能感觉你
放在我手心里 你的真心

终于做了这个决定
别人怎么说我不理
只要你也一样的肯定
我愿意天涯海角都随你去
我知道一切不容易
我的心一直温习说服自己
最怕你忽然说要放弃
爱真的需要勇气
来面对流言蜚语
只要你一个眼神肯定
我的爱就有意义
我们都需要勇气
去相信会在一起
人潮拥挤我能感觉你
放在我手心里 你的真心
如果我的坚强任性
会不小心伤害了你
你能不能温柔提醒
我虽然心太急
更害怕错过你
爱真的需要勇气
来面对流言蜚语
只要你一个眼神肯定
我的爱就有意义
我们都需要勇气
去相信会在一起
人潮拥挤我能感觉你
放在我手心里 你的真心"
会呼吸的痛,254132,http://music.163.com/song/media/outer/url?id=254132,梁静茹,"作词 : 姚若龙
 作曲 : 宇珩
 编曲 : 安栋
编曲 : 安栋
在东京铁塔
第一次眺望
看灯火模仿
坠落的星光
我终于到达
但却更悲伤
一个人完成
我们的梦想
你总说时间还很多
你可以等我
以前我不懂得
未必明天就有以后
想念是会呼吸的痛
它活在我身上所有角落
哼你爱的歌会痛
看你的信会痛
连沉默也痛
遗憾是会呼吸的痛
它流在血液中来回滚动
后悔不贴心会痛
恨不懂你会痛
想见不能见最痛
没看你脸上
张扬过哀伤
那是种多么
寂寞的倔强
你拆了城墙
让我去流浪
在原地等我
把自己捆绑
你没说你也会软弱
需要依赖我
我就装不晓得
自由移动 自我地过
想念是会呼吸的痛
它活在我身上所有角落
哼你爱的歌会痛
看你的信会痛
连沉默也痛
遗憾是会呼吸的痛
它流在血液中来回滚动
后悔不贴心会痛
恨不懂你会痛
想见不能见最痛
我发誓不再说谎了
多爱你就会抱你多紧的
我的微笑都假了
灵魂像飘浮着
你在就好了
我发誓不让你等候
陪你做想做的无论什么
我越来越像贝壳
怕心被人触碰
你回来那就好了
能重来
那就好了"
没有如果,254099,http://music.163.com/song/media/outer/url?id=254099,梁静茹,"作词 : 严爵
 作曲 : SoulJa
 OC : Soulja
 原作词 : Soulja
 编曲 : 严爵/朱敬然
如果我说 爱我没有如果
错过就过 你是不是会难过
若如果拿来当借口
那是不是有一点弱
如果我说 爱我没有如果
真的爱我 就放手一搏
还想什么 还怕什么
快牵起我的手
有人说
世界上最遥远的距离
不是生与死
而是我就站在你面前
你却不知道 我爱你
我常说
如果人类连爱一个人都被自己绑住
那世界末日已来到
不需要等到地球毁灭掉的那天
如果我说 爱我没有如果
错过就过 你是不是会难过
若如果拿来当借口
那是不是有一点弱
如果我说 爱我没有如果
真的爱我 就放手一搏
还想什么 还怕什么
快牵起我的手
如果 如果 没有如果
如果 如果 最后变成如果
我也不能接受
错过 错过 不想错过
错过 错过 我比你更难过
不会一错再错
嗯 这次不要再随便错过
我常说
如果人类连爱一个人都被自己绑住
那世界末日已来到
不需要等到地球毁灭掉的那天
别怕太快乐
(别怕太快乐)
别怕失去我
如果我说 爱我没有如果
错过就过 你是不是会难过
若如果拿来当借口
那是不是有一点弱
如果我说 爱我没有如果
真的爱我 就放手一搏
还想什么 还怕什么
快牵起我的手
快牵起我的手
如果我说 爱我没有如果
错过就过 你是不是会难过
若如果拿来当借口
那是不是有一点弱
如果我说 爱我没有如果
真的爱我 就放手一搏
还想什么 还怕什么
快牵起我的手
如果我说 爱我没有如果
错过就过 你是不是会难过
若如果拿来当借口
那是不是有一点弱
如果我说 爱我没有如果
真的爱我 就放手一搏
还想什么 还怕什么
快牵起我的手
如果我说 爱我没有如果
错过就过 你是不是会难过
若如果拿来当借口
那是不是有一点弱
如果我说 爱我没有如果
真的爱我 就放手一搏
还想什么 还怕什么
快牵起我的手
如果我说 爱我没有如果"
暖暖,254141,http://music.163.com/song/media/outer/url?id=254141,梁静茹,"作词 : 李焯雄
 作曲 : 人工卫星
 编曲 : 洪敬尧
 制作人 : 钟成虎
都可以 随便的
你说的 我都愿意去
小火车
摆动的旋律
都可以 是真的
你说的 我都会相信
因为我
完全信任你
细腻的喜欢
毛毯般的厚重感
晒过太阳
熟悉的安全感
分享热汤
我们两支汤匙一个碗
左心房
暖暖的好饱满
我想说其实你很好
你自己却不知道
真心的对我好
不要求回报
爱一个人
希望他 过更好
打从心里暖暖的
你比自己更重要
都可以 随便的
你说的 我都愿意去
回忆里
满足的旋律
都可以 是真的
你说的 我都会相信
因为我
完全信任你
细腻的喜欢
你手掌的厚实感
什么困难
都觉得有希望
我哼着歌
你自然的就接下一段
我知道
暖暖 就在胸膛
我想说其实你很好
你自己却不知道
真心的对我好
不要求回报
爱一个人
希望他 过更好
打从心里暖暖的
你比自己更重要
我想说 其实你很好
你自己却不知道
从来都很低调
自信心不高
爱一个人
希望他 过更好
打从心里 暖暖的
你比自己更重要
我想说其实你很好
你自己却不知道 (你不知道)
真心的对我好
不要求回报
爱一个人
希望他 过更好
打从心里
暖暖的
你比自己更重要
我也希望变更好
Lalala
 监制 : 钟成虎"
可惜不是你,254191,http://music.163.com/song/media/outer/url?id=254191,梁静茹,"作词 : 李焯雄
 作曲 : 曹轩宾
 编曲 : 陈飞午
 制作人 : 马毓芬
这一刻突然觉得好熟悉
像昨天今天同时在放映
我这句语气原来好像你
不就是我们爱过的证据
差一点骗了自己骗了你
爱与被爱不一定成正比
我知道被疼是一种运气
但我无法完全交出自己
努力为你改变
却变不了预留的伏线
以为在你身边那也算永远
仿佛还是昨天
可是昨天已非常遥远
但闭上我双眼我还看得见
可惜不是你
陪我到最后
曾一起走却走失那路口
感谢那是你
牵过我的手
还能感受那温柔
那一段我们曾心贴着心
我想我更有权利关心你
可能你已走进别人风景
多希望也有星光的投影
努力为你改变
却变不了预留的伏线
以为在你身边那也算永远
仿佛还是昨天
可是昨天已非常遥远
但闭上我双眼我还看得见
可惜不是你
陪我到最后
曾一起走却走失那路口
感谢那是你
牵过我的手
还能感受那温柔
可惜不是你
陪我到最后
曾一起走却走失那路口
感谢那是你
牵过我的手
还能感受那温柔
感谢那是你
牵过我的手
还能温暖我胸口

 吉他 : 钟成虎
 弦乐编写 : 李琪
 小提琴 : 李琪/蓝国融
 中提琴 : 何君恒/马纪伟
 大提琴 : 吴世杰/黄彦霖
 录音工程师 : 钟国泰/苏正成
 录音室 : 白金录音室
 混音工程师 : 钟国泰
 混音室 : 白金录音室
 OP : Musechic Inc.
 SP : Universal Music Publishing Ltd./Sony Music Publishing (Pte) Ltd. Taiwan Branch/Taiwan
 横笛：黎翰江"
给未来的自己,254135,http://music.163.com/song/media/outer/url?id=254135,梁静茹,"作词 : 黄婷
 作曲 : 张正宗
 编曲 : 陈建骐
站在狂风的天台一望无际
这一座孤独的城市
在天空与高楼交界的尽头
谁追寻空旷的自由
阳光覆满这一刻宁静的我
隔绝了喧嚣和冷漠
川流不息的人游荡在街头
谁能听见谁的寂寞
找一个人惺惺相惜
找一颗心心心相印
在这个宇宙我是独一无二
没人能取代
不管怎样 怎样都会受伤
伤了又怎样
至少我很坚强 我很坦荡

夜幕笼罩灿烂的一片灯海
多少人多少种无奈
在星光里遗忘昨天的伤害
一觉醒来还有期待
我不放弃爱的勇气
我不怀疑会有真心
我要握住一个最美的梦
给未来的自己
一天一天 一天推翻一天
坚持的信仰
我会记住自己今天的模样
有一个人惺惺相惜
有一颗心心心相印
抛开过去我想认真去追寻
未来的自己
不管怎样 怎样都会受伤
伤了又怎样
至少我很坚强 我很坦荡

我不放弃爱的勇气
我不怀疑会有真心
我要握住一个最美的梦
给未来的自己
不管怎样 怎样都会受伤
伤了又怎样
至少我很坚强 我很坦荡
未来的你会懂 我的疯狂"
宁夏,254265,http://music.163.com/song/media/outer/url?id=254265,梁静茹,"作词 : 李正帆
 作曲 : 李正帆
 编曲 : 五月天
 制作人 : 五月天/贾敏恕
宁静的夏天
天空中繁星点点
心里头有些思念
思念着你的脸
我可以假装看不见
也可以偷偷地想念
直到让我摸到你那
温暖的脸
宁静的夏天
天空中繁星点点
心里头有些思念
思念着你的脸
我可以假装看不见
也可以偷偷地想念
直到让我摸到你那
温暖的脸
知了也睡了
安心的睡了
在我心里面
宁静的夏天
知了也睡了
安心的睡了
在我心里面
宁静的夏天
宁静的夏天
天空中繁星点点
心里头有些思念
思念着你的脸
我可以假装看不见
也可以偷偷地想念
直到让我摸到你
那温暖的脸
那是个
宁静的夏天
你来到宁夏的
那一天
知了也睡了
安心的睡了
在我心里面
宁静的夏天
知了也睡了
安心的睡了
在我心里面
宁静的夏天
 录音工程师 : 五月天/蔡尚文
 录音室 : 五月天录音室
 吉他 : 怪兽/石头
 贝斯 : 玛莎
 鼓 : 冠佑
 和声编写 : 玛莎/阿信
 和声 : 玛莎/阿信
 OP : Sony Music Publishing (Pte) Ltd. Taiwan Branch"
分手快乐,254309,http://music.163.com/song/media/outer/url?id=254309,梁静茹,"作词 : 姚若龙
 作曲 : 郭文贤
 编曲 : 陈飞午
 制作人 : 郭文贤
和声编写：汪佩蓉
和声：汪佩蓉/马毓芬
弦乐编写：李琪
大提琴：吴世杰
小提琴：李琪/蓝国融/梁钟尹
鼓：李守信
录音师：蒋自强/黄昭浪/林明助/马宜群
录音室：白金/谱丽音/敬业
混音师：林正忠
混音室：谱丽音
OP: Rock Music Publishing (Twn) Co., Ltd.
OP: Great Music Publishing Ltd.
ISRC TW-A45-02-72602
我无法帮你预言
委曲求全 有没有用
可是我多么不舍
朋友爱得 那么苦痛
爱可以不问对错
至少有喜悦感动
如果他总为别人撑伞
你何苦非为他等在雨中

泡咖啡让你暖手
想挡挡你 心口里的风
你却想上街走走
吹吹冷风 会清醒得多
你说你不怕分手
只有点遗憾难过
情人节就要来了
剩自己一个
其实爱对了人
情人节每天都过

分手快乐 祝你快乐
你可以找到更好的
不想过冬 厌倦沉重
就飞去热带的岛屿游泳
分手快乐 请你快乐
挥别错的才能和对的相逢
离开旧爱 像坐慢车
看透彻了心就会是晴朗的
没人能把谁的幸福没收
你发誓你会活得有笑容

泡咖啡让你暖手
想挡挡你 心口里的风
你却想上街走走
吹吹冷风 会清醒得多
你说你不怕分手
只有点遗憾难过
情人节就要来了
剩自己一个
其实爱对了人
情人节每天都过

分手快乐 祝你快乐
你可以找到更好的
不想过冬 厌倦沉重
就飞去热带的岛屿游泳
分手快乐 请你快乐
挥别错的才能和对的相逢
离开旧爱 像坐慢车
看透彻了心就会是晴朗的
没人能把谁的幸福没收
你发誓你会活得有笑容
你自信时候真的美多了"
问 (Live),108143,http://music.163.com/song/media/outer/url?id=108143,梁静茹,"作词 : 李宗盛
 作曲 : 李宗盛
 编曲 : Mac Chew
 制作人 : 李宗盛
谁让你心动 谁让你心痛
谁会让你偶尔想要拥他在怀中
谁又在乎你的梦 谁说你的心思他会懂
谁为你感动

如果女人 总是等到夜深
无悔付出青春 他就会对你真
是否女人 永远不要多问
她最好永远天真 为她所爱的人

谁让你心动 谁让你心痛
谁会让你偶尔想要拥他在怀中
谁又在乎你的梦 谁说你的心思他会懂
谁为你感动

只是女人 容易一往情深
总是为情所困 终于越陷越深
可是女人 爱是她的灵魂
她可以奉献一生 为她所爱的人

如果女人 总是等到夜深
无悔付出青春 他就会对你真
只是女人 容易一往情深
总是为情所困 终于越陷越深

可是女人 爱是她的灵魂
她可以奉献一生 为她所爱的人"
爱久见人心,2654774730,http://music.163.com/song/media/outer/url?id=2654774730,梁静茹,"作词 : 彭学斌/陈没
 作曲 : 彭学斌
 编曲 : 杨朝焰/李祥熙
 制作人 : 彭学斌
爱久见人心 - 梁静茹 (Fish Leong)
词：彭学斌/陈没
曲：彭学斌
编曲：杨朝焰/李祥熙
我冷漠是不想被看出
太容易被感动触及

我比较喜欢现在的自己
不太想回到过去

我常常为我们之间
忽远忽近的关系

担心或委屈

别人只一句话就刺痛
心里每一根神经

你的孤单是座城堡
让人景仰却处处防疫

你的温柔那么缓慢
小心翼翼脆弱又安静

也许我们都意会到
这次面对的幸福
是真的来临

因为太珍惜所以才犹豫

忘了先把彼此抱紧
我不是流言 不能猜测你

疯狂的游戏 需要谁准许
别人怎么说 我都不介意
我爱不爱你 日久见人心
存一寸光阴 换一个世纪
摘一片苦心 酿一滴蜂蜜
用尽了全力 只为在一起
我爱不爱你 爱久见人心

你的孤单是座城堡
让人景仰却处处防疫

你的温柔那么缓慢
小心翼翼脆弱又安静

也许我们都意会到
这次面对的幸福
是真的来临
因为太珍惜所以才犹豫

忘了先把彼此抱紧

我不是流言 不能猜测你
疯狂的游戏 需要谁准许
别人怎么说 我都不介意
我爱不爱你 日久见人心
存一寸光阴 换一个世纪

摘一片苦心 酿一滴蜂蜜

用尽了全力 只为在一起
我爱不爱你 爱久见人心
存一寸光阴 换一个世纪

摘一片苦心 酿一滴蜂蜜

用尽了全力 只为在一起
我爱不爱你 爱久见人心"
小手拉大手,254146,http://music.163.com/song/media/outer/url?id=254146,梁静茹,"作词 : 陈绮贞
 作曲 : つじあやの
 编曲 : 陈建骐
 监制 : 钟成虎


还记得那场音乐会的烟火
还记得那个凉凉的深秋
还记得人潮把你推向了我
游乐园拥挤的正是时候

一个夜晚坚持不睡的等候
一起泡温泉奢侈的享受
有一次日记里愚蠢的困惑
因为你的微笑幻化成风

你大大的勇敢保护着我
我小小的关怀喋喋不休
感谢我们一起走了那么久
又再一次回到凉凉深秋

给你我的手
像温柔野兽
把自由交给草原的辽阔
我们小手拉大手
一起郊游
今天别想太多

你是我的梦
像北方的风
吹着南方暖洋洋的哀愁
我们小手拉大手
今天加油
向昨天挥挥手

还记得那场音乐会的烟火
还记得那个凉凉的深秋
还记得人潮把你推向了我
游乐园拥挤的正是时候

一个夜晚坚持不睡的等候
一起泡温泉奢侈的享受
有一次日记里愚蠢的困惑
因为你的微笑幻化成风

你大大的勇敢保护着我
我小小的关怀喋喋不休
感谢我们一起走了那么久
又再一次回到凉凉深秋

给你我的手
像温柔野兽
我们一直就这样向前走
我们小手拉大手
一起郊游
今天别想太多

你是我的梦
像北方的风
吹着南方暖洋洋的哀愁
我们小手拉大手
今天加油
向昨天挥挥手


给你我的手
像温柔野兽
我们一直就这样向前走
我们小手拉大手
一起郊游
今天别想太多

我啦啦啦啦
像北方的风
吹着南方暖洋洋的哀愁
我们小手拉大手
今天加油
向昨天挥挥手
我们小手拉大手
今天为我加油
舍不得挥挥手"
爱你不是两三天,254319,http://music.163.com/song/media/outer/url?id=254319,梁静茹,"作词 : 潘协庆/葛大为
 作曲 : 潘协庆
 编曲 : 王豫民
 制作人 : 李正帆
Production Co-ordination: 贾汉生
Recording Engineer: 周建平
Mixing Engineer: 王家栋
Recording Studio: 捷奏
Mixing Studio: 捷奏
Musicians:
Guitars: 倪方来
Accordion: 李正帆
Background Vocal Arrangement: 李正帆
Background Vocals: 李正帆
OP: 晨扬音乐工作室 / Rock Music Publ. (TWN) Co., Ltd.
SP: Rock Music Publ. (TWN) Co., Ltd.
ISRC TW-A45-00-653-06

退给你的信 只留下最后一封
淡淡笔迹 你熟悉的温柔
请别介意 我会将信纸好好收着
当我需要你关怀的时候
走过夏日街头 还是想牵你的手
好想听到 一句温暖的问候
虽然我们说好了 还是朋友
但为什么却没有再联络
爱你不是两三天
每天却想你很多遍
还不习惯孤独街道
拥挤人潮
没你拥抱
爱你不是两三天
一眨眼心就能沉淀
你是否想念我 喔
还是像我 只和寂寞做朋友

退给你的信 只留下最后一封
淡淡笔迹 你熟悉的温柔
请别介意 我会将信纸好好收着
当我需要你关怀的时候
走过夏日街头 还是想牵你的手
好想听到 一句温暖的问候
虽然我们说好了 还是朋友
但为什么却没有再联络
爱你不是两三天
每天却想你很多遍
还不习惯孤独街道
拥挤人潮
没你拥抱
爱你不是两三天
一眨眼心就能沉淀
你是否想念我 喔
还是像我 只和寂寞做朋友
担心你没有好好的过
又怕你已经忘记了我
刚刚分手 像告别很久
还想为你做些什么
爱你不是两三天
每天却想你很多遍
还不习惯孤独街道
拥挤人潮
没你拥抱
爱你不是两三天
一眨眼心就能沉淀
你是否想念我 喔
还是像我 只和寂寞做朋友"
丝路,254180,http://music.163.com/song/media/outer/url?id=254180,梁静茹,"作词 : 五月天 阿信
 作曲 : 王力宏
 编曲 : 王力宏
 制作人 : 王力宏
如果流浪 是你的天赋
那么你 一定是我最美的追逐
如果爱情 是你的游牧
拥有过 是不是该满足
(谁带我踏上 孤独的丝路)
追逐你的脚步
(谁带我离开 孤独的丝路)
感受你的温度
(我将眼泪流成天山上面的湖)
让你疲倦时能够扎营停驻
羌笛声 胡旋舞 为你笑 为你哭
爱上你的全部 放弃我的全部
爱上了你之后 我开始领悟
陪你走了一段最唯美的国度
爱上了你之后 我从来不哭
谁是谁的幸福
我从来不在乎
谁是谁的旅途
我只要 你记住

星星就是穷人的珍珠
你的笑 支撑着我虔诚的最初
狂风沙是我单薄衣服
穿越过 亚细亚的迷雾
(谁带我踏上 孤独的丝路)
追逐你的脚步
(谁带我离开 孤独的丝路)
感受你的温度
(我将眼泪流成天山上面的湖)
让你疲倦时能够扎营停驻
羌笛声 胡旋舞 为你笑 为你哭
爱上你的全部 放弃我的全部
爱上了你之后 我开始领悟
陪你走了一段最唯美的国度
爱上了你之后 我从来不哭
谁是谁的幸福
我从来不在乎
谁是谁的旅途
我只要你记住
云破日出
你是那道光束
带着平凡的我 走过奇迹旅途
爱上了你之后 我开始领悟
陪你走了一段最唯美的国度
爱上了你之后 我从来不哭
谁是谁的幸福
我从来不在乎
爱上了你之后 我开始领悟
陪你走了一段最唯美的国度
爱上了你之后 我从来不哭
谁是谁的幸福
我从来不在乎
谁是谁的旅途
我只要
我只要 你记住

制作人：王力宏
录音工程师：王力宏
混音工程师：Mick Guzauski
录音室：敬业录音室 (台北)、YYYD Studios (北京)、Chung King Studios (Manhattan)
混音录音室：Barking Doctor Studio
木吉他：Jeff Mironov
钢琴：王力宏
扬琴：赵霞
弦乐：Clinton Dewing、Tricia Park、James Herstatt、Nabo Nayulu
弦乐编写：王力宏
OP: Homeboy Music, Inc. Taiwan
SP: Sony Music Publishing (Pte) Ltd. Taiwan Branch
OP: 认真工作室
SP: Rock Music Publishing Co., Ltd.
ISRC TW-A45-05-86601"
接受,254271,http://music.163.com/song/media/outer/url?id=254271,梁静茹,"作词 : 管启源
 作曲 : 林倛玉
仿佛上一分钟 你还陪在我左右
还以为我们会开花结果
我还记得玫瑰色天空
却模糊了我们的脸孔
哼过的歌到底是什么内容

仿佛已经自由 下一刻我变成风
吹过你的领空 差点失控
回忆在夜里闹得很凶
我想我可以明白你所有的痛
想让你知道我懂 却担心言不由衷

我们都接受 一定是彼此不够成熟
在爱情里分不了轻重 诚实得过了头
不能退后也无法向前走
爱是一个自私的念头
把寂寞消除的理由
剩下的那些感动 能记得多久

仿佛已经自由 下一刻我变成风
吹过你的领空 差点失控
回忆在夜里闹得很凶
我想我可以明白你所有的痛
想让你知道我懂 却担心言不由衷

我们都接受 一定是彼此不够成熟
在爱情里分不了轻重 诚实得过了头
不能退后也无法向前走
爱是一个自私的念头
把寂寞消除的理由
剩下的那些感动 能记得多久

我们都接受 一定是彼此不够成熟
在爱情里分不了轻重 诚实得过了头
不能退后也无法向前走
爱是一个自私的念头
把寂寞消除的理由
剩下的那些感动 能记得多久"
梦醒时分 (Live),108145,http://music.163.com/song/media/outer/url?id=108145,梁静茹,"作词 : 李宗盛
 作曲 : 李宗盛
 编曲 : Mac Chew
 制作人 : 李宗盛

【淑华姐，这个月生日】
【在这里，我们祝她生日快乐】
【Hello，一起唱这首歌吧】
你说你爱了不该爱的人
你的心中满是伤痕
你说你犯了不该犯的错
心中满是悔恨
你说你尝尽了生活的苦
找不到可以相信的人
你说你感到万分沮丧
甚至开始怀疑人生

早知道伤心总是难免的
你又何苦一往情深
因为爱情总是难舍难分
何必在意那一点点温存
要知道伤心总是难免的
在每一个梦醒时分
有些事情你现在不必问
有些人你永远不必等~


你说你爱了不该爱的人
你的心中满是伤痕
你说你犯了不该犯的错
心中满是悔恨
你说你尝尽了生活的苦
找不到可以相信的人
你说你感到万分沮丧
甚至开始怀疑人生

早知道伤心总是难免的
你又何苦一往情深
因为爱情总是难舍难分
何必在意那一点点温存
要知道伤心总是难免的
在每一个梦醒时分
有些事情你现在不必问
有些人你永远不必等~


早知道伤心总是难免的
你又何苦一往情深
因为爱情总是难舍难分
何必在意那一点点温存
要知道伤心总是难免的
在每一个梦醒时分
有些事情你现在不必问
有些人你永远不必等~"
不是我不明白,254148,http://music.163.com/song/media/outer/url?id=254148,梁静茹,"作词 : 李焯雄
 作曲 : 林倛玉
 编曲 : 陈建骐

不是我不明白
这样并不算太坏
懂得爱说来无奈
来自对你亏待
没刻意掩埋
没对他坦白
你还在


会进来吗
你在送我回家我还在猜测
可都是真的了
再见面前
一直想象还有某种关联
但客气 是拒绝

新的朋友
不再重叠
你的世界
我在边缘

不是我不明白
这样并不算太坏
能再次关怀
时间洗刷所有不愉快
后来的爱
我们尝试去宽待
懂得爱 说来无奈
来自对你亏待
没刻意掩埋
没对他坦白
你还在

没说分手
终于是能开玩笑的朋友
不是不难过的
多少年了 (多少年了)
我想过能够和你一起老的
却都有别人了

新的朋友
不再重叠
我的世界
你在边缘

不是我不明白
有些话没说出来
能再次关怀
时间洗刷所有不愉快
后来的爱
我们尝试去宽待
懂得爱 说来无奈
来自对你亏待
没刻意掩埋 (没有)
没对他坦白
你还在

不是我不明白
说悲哀并不应该
我们的关怀
像爱但又说不上爱
没有后来
我们才学会爱
但现在 说来感慨
不是那个未来
我们说好的 (说好的)
不会更改的 你会在"
崇拜,254129,http://music.163.com/song/media/outer/url?id=254129,梁静茹,"作词 : 陈没
 作曲 : 彭学斌
 编曲 : 陈建骐
你的姿态
你的青睐
我存在 在 你的存在
你以为爱
就是被爱
你挥霍了我的崇拜

我活了 我爱了
我都不管了
心爱到疯了 恨到算了
就好了
可能的
可以的
真的可惜了
幸福好不容易
怎么你却不敢了呢
我还以为我们能
不同于别人
我还以为不可能的
不会不可能
你的姿态
你的青睐
我存在 在 你的存在
你以为爱
就是被爱
你挥霍了我的崇拜

我活了 我爱了
我都不管了
心爱到疯了 恨到算了
就 好了
可能的
可以的
真的可惜了
幸福好不容易
怎么你却不敢了呢
我还以为我们能
不同于别人
我还以为不可能的
不会不可能
你的姿态
你的青睐
我存在 在 你的存在
你以为爱
就是被爱
你挥霍了我的崇拜
风筝有风
海豚有海
我存在 在 我的存在
所以明白
所以离开
所以不再为爱而爱
自己存在 在你 之外"
歌曲 : 住在心里的人（live）,2670099651,http://music.163.com/song/media/outer/url?id=2670099651,梁静茹,"词：临渡
曲：齐修远
阿嬷说大风大雨呀
咱就往家里跑
还差个汤再炖会儿就好
崽来歇歇脚
你是她捧过的幼鸟
她怎能不知道
这孩子呀总想飞得高
叫世界瞧上一瞧
赶路的人哪别害怕山高路遥
阿嬷说有目标就好
日子偶尔地弯弯腰没大不了
人们是这样种禾苗
回家的人哪好不好早一点到
你是家数着的分秒
是她的烦恼她的盼她的骄傲
她不喊却远远望的她的宝
她想着再瞒一瞒你
可瞒不过年纪
她蹒跚地还想牵你手
往岁月里多走走
赶路的人哪别害怕山高路遥
阿嬷说有哭就有笑
外头偶尔地摔个跤没大不了
谁长大没撞几个包
回家的人哪好不好早一点到
你的年是家的分秒
岁岁的除夕比平日都要热闹
那一晚她却睡得呀那么好
赶路的人哪回头看磕磕绊绊
你瞧你不是也做到
心里那束光引我们天涯海角
灯下她身影那么小
勇敢的人哪会更好阿嬷说过
天对努力的人不薄
耐心等等看福气呀也许明早
会敲敲咱家的门呀笑呀笑"
亲亲,254144,http://music.163.com/song/media/outer/url?id=254144,梁静茹,"作词 : 陈没
 作曲 : 五月天 怪兽
 监制 : 五月天 怪兽


那一年顶楼加盖的阁楼
什么人忘了锁
是谁找不到
未满十八岁的我
你是一滴滴隐形的眼泪
风一吹就干了
只能这样了 是吗

同时甜蜜与心碎
是你的幽默还是温柔
是瞬间烟火 还是不甘寂寞
第一次你抱紧我

轻轻的亲亲
紧紧闭着眼睛
是你不是你 说不定
还不一定
梦一样轻的亲亲
不敢用力呼吸
不敢太贪心 太相信
我的幸运
百分之百是你

思念被时光悄悄的摇落
酸酸的咬了一口
青春的苹果
香香的催眠了我
是你脸粉红了我的耳后
烫伤了我额头
现在想起来 会痛

同时甜蜜与心碎
是你的幽默还是温柔
是瞬间烟火 还是不甘寂寞
第一次你抱紧我

轻轻的亲亲
紧紧闭着眼睛
是你不是你 说不定
还不一定
梦一样轻的亲亲
不敢用力呼吸
不敢太贪心 太相信
我的幸运
百分之百是你


轻轻的亲亲
紧紧闭着眼睛
是你不是你 说不定
还不一定
梦一样轻的亲亲
不敢用力呼吸
不敢太贪心 太相信
我的幸运
百分之百是你"
失忆,254143,http://music.163.com/song/media/outer/url?id=254143,梁静茹,"作词 : 周杰伦
 作曲 : 周杰伦
 编曲 : 五月天/周恒毅/任柏璋
 制作 : 玛莎

我书桌上的香水
你沉默的背对
只剩下那一点点
还是闻得到从前

西装里的口袋
我整理过的爱
又破了那一点点
我帮你补了誓言

从没实现的摇滚梦
我也陪你走好多遍
断弦的吉他
始终弹不出我要的答案

我和你拼了好几夜
约翰蓝侬的图片
却拼不到一个永远
我在等你喊停

感觉不到从前温柔的双眼
感觉得到你已不再眷恋
无奈的笑试图让我知道
得了失忆可能对你我都好

感觉不到说是为了我改变
感觉得到沉默划过我左脸
我不知道也许我会得到
一句还是朋友
这是借口还是尽头

西装里的口袋
我整理过的爱
又破了那一点点
我帮你补了誓言

从没实现的摇滚梦
我也陪你走好多遍
断弦的吉他
始终弹不出我要的答案

我和你拼了好几夜
约翰蓝侬的图片
却拼不到一个永远
我在等你喊停

感觉不到从前温柔的双眼
感觉得到你已不再眷恋
无奈的笑试着让我知道
得了失忆可能对你我都好

感觉不到说是为了我改变
感觉得到沉默划过我左脸
我不知道也许我会得到
一句还是朋友
这是借口还是尽头

感觉不到从前温柔的双眼
感觉得到你已不再眷恋
无奈的笑试着让我知道
得了失忆可能对你我都好

感觉不到说是为了我改变
感觉得到沉默划过我左脸
我不知道也许我会得到
一句还是朋友
这是借口还是尽头"
夜夜夜夜 (Live),5252288,http://music.163.com/song/media/outer/url?id=5252288,梁静茹,"作词 : 熊天平
 作曲 : 熊天平
想问天你在哪里
我想问问我自己
一开始我聪明 结束我聪明
聪明的几乎都毁掉了我自己
想问天问大地
或者是迷信问问宿命
放弃所有 抛下所有
让我飘流在安静的夜夜空里
你也不必牵强再说爱我
反正我的灵魂已片片凋落
慢慢的拼凑 慢慢的拼凑
拼凑成一个完全不属于真正的我
你也不必牵强再说爱我
反正我的灵魂已片片凋落
慢慢的拼凑 慢慢的拼凑
拼凑成一个完全不属于真正的我
（music）
想问天问大地
或者是迷信问问宿命
放弃所有 抛下所有
让我飘流在安静的夜夜空里
你也不必牵强再说爱我
反正我的灵魂已片片凋落
慢慢的拼凑 慢慢的拼凑
拼凑成一个完全不属于真正的我
你也不必牵强再说爱我
反正我的灵魂已片片凋落
慢慢的拼凑 慢慢的拼凑
拼凑成一个完全不属于真正的我
你也不必牵强再说爱我
反正我的灵魂已片片凋落
慢慢的拼凑 慢慢的拼凑
拼凑成一个完全不属于真正的我
我不愿再放纵
也不愿每天每夜每秒飘流
也不愿再多问再多说再多求我的梦
我不愿再放纵
也不愿每天每夜每秒飘流
也不愿再多问再多说再多求
我的梦"
明明很爱你,141288,http://music.163.com/song/media/outer/url?id=141288,梁静茹,"作词 : 姚若龙
 作曲 : 조우진
 编曲 : 项仲为
 制作人 : 蔡尚文
导演：周格泰
女：有多少人在旁边
我们都视而不见
彼此却忍不住多看几眼
感觉强烈
已经微笑的放电
已经暗示到极限
没勇气的人犹豫的瞬间
幸福就飘过面前
男：我平凡无奇而你
像灿烂星星 让我担心
合：明明很爱你
明明想靠近
男：但是你的身边
有人捧花总是拥挤
我凭什么一一打败情敌
合：敢大声说要做你(我)的唯一
明明很爱你(我) 明明想靠近
为什么还要再浪费时间
不把你(我)抱紧 够真心
才是(就是)最厉害的武器
我会(你要)拼命让你(我)更满意
男：我平凡无奇而你
像灿烂星星 让我担心
合：明明很爱你
明明想靠近
男：但是你的身边
有人捧花总是拥挤
我凭什么一一打败情敌
合：敢大声说要做你(我)的唯一
明明很爱你(我) 明明想靠近
为什么还要再浪费时间
不把你(我)抱紧 够真心
才是(就是)最厉害的武器
我会(你要)拼命让你(我)更满意
女：讲配不配太俗气
说爱不爱要问心
爱由我们自己决定不必理
跌破谁的眼镜
男：明明很爱你
明明想靠近
但是你的身边
有人捧花总是拥挤
我凭什么一一打败情敌
敢大声说要做你的唯一
女：我的唯一
男：明明很爱你
合：明明想靠近
为什么还要再浪费时间
不把你(我)抱紧 够真心
才是(就是)最厉害的武器
我会(你要)拼命让你(我)更满意"
如果有一天,254486,http://music.163.com/song/media/outer/url?id=254486,梁静茹,"作词 : 易桀齐
 作曲 : 郭文贤
 编曲 : 黄韵仁
 制作人 : 李宗盛
Vocal Producer: 蔡尚文
Recording Engineers: 陈志恒/蔡尚文/许世晃（台北）/Rahmad Ayob（马来西亚）
Mixing Engineer: 林正忠
Recording Studio: 敬业-撒哈拉（台北） / Babyboss（马来西亚）
Mixing Studio: 谱丽音（台北）
Musicians:
Guitars: 黄韵仁 Drums: 刘谚明
Bass: 廖世铮 Keyboard: Mac Chew
Background Vocal Arrangement: 陈建良
Background Vocals: 梁静茹
OP: Rock Music Publ. (TWN) Co., Ltd. / Musset Publications Pte Ltd
SP: Rock Music Publ. (TWN) Co., Ltd.
ISRC TW-A45-00-653-02
现在也只能欣赏
唯一的合照一张
淡忘了的是那个街角
想念的是当时的微笑
生活中交错失望
越想念就越孤单
若再被寂寞迎头赶上
多感伤原来只是正常
你是不是也在品尝
一个人的咖啡和天光
是不是也忽然察觉到
多出时间看天色的变换
如果有一天 我们再见面
时间会不会倒退一点
也许我们都忽略
互相伤害之外的感觉
如果哪一天 我们都发现
好聚好散不过是种遮掩
如果我们没发现
就给彼此多一点时间

生活中交错失望
越想念就越孤单
若再被寂寞迎头赶上
多感伤原来只是正常
你是不是也在品尝
一个人的咖啡和天光
是不是也忽然察觉到
多出时间看天色的变换
如果有一天 我们再见面
时间会不会倒退一点
也许我们都忽略
互相伤害之外的感觉
如果哪一天 我们都发现
好聚好散不过是种遮掩
如果我们没发现
就给彼此多一点时间
如果有一天 我们再见面
时间会不会倒退一点
也许我们都忽略
互相伤害之外的感觉
如果哪一天 我们都发现
好聚好散不过是种遮掩
如果我们没发现
就给彼此多一点时间"
我喜欢,254424,http://music.163.com/song/media/outer/url?id=254424,梁静茹,"作词 : 潘协庆
 作曲 : 潘协庆
 编曲 : 王豫民
 制作人 : 马毓芬
看蓝蓝的天空下
绵绵的白雪
停在你脸上
爱在巴黎的赛纳河畔上面眺望
赶不上的玻璃船
却不觉得遗憾
早已沉醉在你暖暖的手掌
紧握住我不放
偷偷的闻着你
带孩子气的男人香
我喜欢 就这样 靠在你胸膛
我喜欢 没有时间 没有方向
我喜欢 像这样 爱的好自然
不用管别人投什么眼光
随你带着我四处的游荡
我喜欢 一醒来 有你在身旁
我喜欢 赖在床上 看你喝汤
我喜欢 你的手 放在我肩膀
像是担心我会消失一样
为我每一寸消瘦
而感伤 好想就这样
有你在身旁 一直到天长

在日记里圈上每一页都有你
好幸福的时光
对照第一次见面到此刻的温柔
是不是都一样
却找不到遗憾
早已沉醉在你暖暖的手掌
紧握住我不放
偷偷的闻着你
带孩子气的男人香
我喜欢 就这样 靠在你胸膛
我喜欢 没有时间 没有方向
我喜欢 像这样 爱的好自然
不用管别人投什么眼光
随你带着我四处去游荡
我喜欢 一醒来 有你在身旁
我喜欢 赖在床上 看你喝汤
我喜欢 你的手 放在我肩膀
像是担心我会消失一样
为我每一寸瘦弱
而感伤 好想就这样

我喜欢 一醒来 有你在身旁
我喜欢 赖在床上 看你喝汤
我喜欢 你的手 放在我肩膀
像是担心我会消失一样
为我每一寸瘦弱
而感伤 好想就这样
有你在身旁 一直到天长
吉他：黄中岳
和声编写：马毓芬
和声：梁静茹 & 陈忠义
录音师：钟国泰
录音室：白金录音室
OP：晨扬音乐工作室
SP：Rock Music Publishing (Twn) Co., Ltd.
ISRC TW-A45-02-72603"
燕尾蝶,254270,http://music.163.com/song/media/outer/url?id=254270,梁静茹,"作词 : 五月天 阿信
 作曲 : 五月天 阿信
 编曲 : 阿信
兴高采烈的破蛹
华丽新生的冲动
寻找灿烂天地
美梦
主宰爱情的是谁
奋不顾身的扑火
就算轮回只为
衬托
你笑 你哭
你的动作
都是我的圣经
珍惜的背颂
我喜 我悲
我的生活
为你放弃自由
要为你左右
你是火 你是风
你是织网的恶魔
破碎的 燕尾蝶
还作最后的美梦
你是火 你是风
你是天使的诱惑
让我作 燕尾蝶
拥抱最后的美梦
让我短暂快乐
很感动
兴高采烈的破蛹
重获新生的冲动
寻找爱情世界
美梦
既然不是毛毛虫
就要壮烈的扑火
短暂青春要像
烟火
此生 此爱
此刻挥霍
挥霍我的色彩
在你的天空
你想 你说
你要我做
其实我很快乐
全都因为
你是火 你是风
你是织网的恶魔
破碎的 燕尾蝶
还作最后的美梦
你是火 你是风
你是天使的诱惑
让我作 燕尾蝶
拥抱最后的美梦
让我短暂快乐
很感动
你是火 你是风
你是织网的恶魔
破碎的 燕尾蝶
还作最后的美梦
你是火 你是风
你是天使的诱惑
让我作 燕尾蝶
拥抱最后的美梦
让我快乐
让我痛
你是火 你是风
你是织网的恶魔
破碎的 燕尾蝶
还作最后的美梦
你是火 你是风
你是天使的诱惑
让我作 燕尾蝶
拥抱最后的美梦
让我短暂快乐
很感动
让我短暂快乐
很感动
 制作 : 阿信/怪兽
 协力 : 陈建良
 录音工程师 : 五月天
 混音工程师 : Ko Seung Wok
 录音室 : 五月天录音室
 混音录音室 : Booming Sound Studio
 吉他 : 怪兽/石头
 贝斯 : 玛莎
 鼓 : 冠佑
 Midi program : 阿信
 弦乐编写 : 阿信
 弦乐 : 李琪/蓝国融/马纪伟/何君恒/吴世杰/黄彦霖
 和声编写 : 梁静茹/陈建良
 和声 : 梁静茹
 OP : 认真工作室
 SP : Rock Music Publishing Co./Ltd."
属于,254110,http://music.163.com/song/media/outer/url?id=254110,梁静茹,"作词 : 陈没
 作曲 : 鸦片丹
 编曲 : WAVE G
我坚持的 都值得坚持吗
我所相信的 就是真的吗
如果我敢追求 我就敢拥有吗
而如果 都算了 不要呢

或许吧 或许我永远都不会遇见他
或许吧 或许我太天真了吧

属于我的昨天之前的结局
我决定我的决定
属于我的明天之后的憧憬
我迷信我的迷信
属于我们点点滴滴的伤心
我们要各自忘记
属于我们闪闪发亮的爱情
我们再一起努力


属于风的 那就去飞翔吧
属于海洋的 那就汹涌吧
属于我们的爱 该来的 就来吧
为什么 不敢呢 不要呢

是他吧 命中早就注定了的那个他
是他吧 他原来就在这里啊

属于我的昨天之前的结局
我决定我的决定
属于我的明天之后的憧憬
我迷信我的迷信
属于我们点点滴滴的伤心
我们要各自忘记
属于我们闪闪发亮的爱情
我们再一起努力

属于我的昨天之前的结局
我决定我的决定
属于我的明天之后的憧憬
我迷信我的迷信
属于我们点点滴滴的伤心
我们要各自忘记
属于我们闪闪发亮的爱情
我们再一起努力
属于我们点点滴滴的伤心
我们要各自忘记
属于我们闪闪发亮的爱情
我们还要努力"
无条件为你,254452,http://music.163.com/song/media/outer/url?id=254452,梁静茹,"作词 : 张天成
 作曲 : Lee Jae-Kyung/Sang-Ho
 编曲 : 王豫民
导演：吕来慧
爱你等于
拥有一片天空
任何风吹草动
都有你存在其中
自然而然的
轻松
一路到夏天的尾声
无所谓到过于激动
我们有笑容 我们曾心动
不再是无动于衷
无条件为你
不顾明天的安稳
为你变坚强
相信你的眼神
不敢想不敢问
有一天坏的可能
无条件为你
放弃单独的旅程
为你坚强
就不怕牺牲
我的灵魂 如此沸腾
为我爱的人
喜欢复杂
还是习惯单纯
我愿尽力完成
你在我心中几分
难以形容的
责任
一路到夏天的尾声
无所谓到过于激动
我们有笑容 我们曾心动
不再是无动于衷
无条件为你
不顾明天的安稳
为你变坚强
相信你的眼神
不敢想不敢问
有一天坏的可能
无条件为你
放弃单独的旅程
为你坚强
就不怕牺牲
我的灵魂 如此沸腾
为我爱的人
爱一个人
付出才会完整
无条件 越爱就越深
永远不分 啊
无条件为你
不顾明天的安稳
为你变坚强
相信你的眼神
不敢想不敢问
有一天坏的可能
无条件为你
放弃单独的旅程
为你坚强
就不怕牺牲
我的灵魂 如此沸腾
为我爱的人"
Fly Away,254294,http://music.163.com/song/media/outer/url?id=254294,梁静茹,"作词 : 陈没/张天成
 作曲 : 蓝奕邦
 编曲 : 洪信杰
这一次
是我自己为自己下的决定
很小心
你说慢慢来别怕来不及
如果我
还有一点点不安或者迟疑
我不会
对你的反应那么好奇
落叶啊
其实也很不愿意
其实也不想回忆
谁没等到错过了流星
我们啊
交集在这意外的假期
一定哪里见过你
一定曾经梦见你
Fly Away 无穷无尽是你
深邃的眼睛
看着你 就可以让我
茫茫人海里感到安定
Fly Away 当我不顾一切
无止尽追寻
有一个人 有一颗心
早已经默默之中在那里
这一次
问我自己都说我毫不怀疑
爱上你
终于我发现我还有勇气
唯一我
觉得遗憾的是我不够仔细
不了解
你说那一些话的用意
几乎是
所有时间在想你
快乐之后是压抑
有没有过这样的呼吸
幸福啊
只要一个眼神的交集
我们拥抱着自己
我们渴望着相遇
Fly Away 无穷无尽是你
深邃的眼睛
看着你 就可以让我
茫茫人海里感到安定
Fly Away 当我不顾一切
无止尽追寻
有一个人 有一颗心
早已经默默之中在那里
Fly Away 无穷无尽是你
深邃的眼睛
看着你 就可以让我
茫茫人海里感到安定
Fly Away 当我不顾一切
无止尽追寻
有一个人 有一颗心
早已经默默之中在那里
Fly Away 当我不顾一切
无止尽追寻
是你的人 是你的心
日日夜夜陪我在这里"
听不到,254297,http://music.163.com/song/media/outer/url?id=254297,梁静茹,"作词 : 五月天 阿信
 作曲 : 五月天 阿信
 编曲 : 五月天 阿信/周恒毅

夜黑夜
寂寞的夜里

气生气

对自己生气

软弱的电话

又打给你
想听你
那边的空气
有什么
精彩的话题

你还是温柔

给我婉转的距离

我的声音在笑

泪在飙

电话那头的你可知道

世界若是那么大

为何我要忘你无处逃
我的声音在笑

泪在飙电话那头的你可知道

世界若是那么小

为何我的真心你听不到

会很会

伪装我自己
你不该

背我的秘密
沉重都给我

微笑给你

奔狂奔
空旷的感情
走暴走

暴走的伤心

透明的叹息

最后还是我的秘密
我的声音在笑

泪在飙电话那头的你可知道

世界若是那么大

为何我要忘你无处逃

我的声音在笑

泪在飙电话那头的你可知道

世界若是那么小

为何我的真心你听不到

听不到听不到我的执着

扑通扑通一直在跳

直到你有一天能够明了
我做得到我做得到

我的声音在笑

泪在飙

电话那头的你可知道

世界若是那么大

为何我要忘你无处逃

我的声音在笑

泪在飙电话那头的你可知道

世界若是那么小

为何我的真心你听不到"
天灯,254103,http://music.163.com/song/media/outer/url?id=254103,梁静茹,"作曲 : 郑楠
 编曲 : 陈熙
 制作人 : 朱敬然
在最像情侣的那一瞬
和他朝着晚空放天灯
两颗心许过什么愿望
我想问始终都不敢问

秒针追逐感动的可能
时间渲染感情的气氛
两个倒影在溪水浮沉
一个忘形就难以辨认

沉默的旅程 乐在快乐得真假不分
沉默的旅程 乐在快乐得甜酸不分
追浮云的人 浪漫在拥有过暧昧的名份
比拥抱单纯

暗恋的明灯 一路上如烟火随身
宁愿那想象的情人 永远 保温
美梦别成真 让我梦到忘记疑问
寂寞就想想 那盏天灯 那指纹

怀念没有吻过的嘴唇
想象没有说过的永恒
错过纠缠不清的凌晨
逃过幻觉破灭的黄昏

到满脸皱纹 那场回忆比相恋逼真
曾经有一个人 燃烧过 一夜的青春

暗恋的明灯 一路上如烟火随身
宁愿那想象的情人 永远 保温
美梦别成真 让我梦醒不留疤痕
我的天空里 有他眼神 他体温"
大人,2048570550,http://music.163.com/song/media/outer/url?id=2048570550,梁静茹,"作词 : 姚若龙
 作曲 : 周兴哲
想用失联去尘封的人
被时间给解放了
分分合合 苦涩都是真的
幸福也 是真的
不深爱了就不记恨了
不纠结了就懂了
只有自己 才能将自己困着
往自由的车 叫割舍
大人啊 是不停长大的人
能缩小了旧伤痕
越再生也越完整
大人啊 是泪当酒喝的人
让算命都不准
绝望时分彷佛脆弱 又强韧
不再幽怨就能幽默了
不对抗就感性了
五味杂陈 鼻酸不已的片刻
是你低哑说 你错了
大人啊 是不停长大的人
能缩小了旧伤痕
越再生也越完整
大人啊 是泪当酒喝的人
让算的命都不准
绝望时彷佛脆弱 又强韧
大人啊 也是想被爱的人
把责任背着等
被抱抱和心疼
大人啊 也是学不乖的人
有躁动的灵魂
想绚烂而玩火 却焚身
 制作人 Producer｜钟成虎 Tiger Chung
 编曲 Arrangement｜吴加恩 Blackie
 人声 Vocal｜梁静茹 Fish Leong
 录音师 Recording Engineer｜钟成虎 Tiger Chung
 录音助理 Recording Assistant｜徐珞桓 Andy Hsu @杨大纬录音工作室 Dave Yang Recording Studio
 人声录音室 Vocal Recording Studio｜杨大纬录音工作室 Dave Yang Recording Studio
 混音师 Mixing Engineer｜杨大纬 Dave Yang @杨大纬录音工作室 Dave Yang Recording Studio
 混音师助理 Mixing Assistant｜徐珞桓 Andy Hsu @杨大纬录音工作室 Dave Yang Recording Studio
 制作助理 Production Assistant｜黄维凡 WeiFan Huang @添翼 TEAMEAR
 发行公司Distributed by：太合麦田Taihe Rye Music & 银河方舟 StarNation"
没有人像你,254047,http://music.163.com/song/media/outer/url?id=254047,梁静茹,"作词 : 姚若龙
 作曲 : 宇珩
 编曲 : 周显哲
吉他：周显哲
录音：阿水@Lights Up Studio
OP: Great Music Publishing Ltd. /
OP: Milky Way Music Sdn Bhd 大宇宙音乐
(SP: Warner/Chappell Music Taiwan Ltd.)

争执在慢慢累积
所以疲倦也默默累积
侵蚀了爱情 坍塌了亲密
心情在慢慢转移
所以焦点也默默转移
放大了问题 草草分离
璀璨回忆 化为灰烬
在冷静之后剩冷清
太倔强的人 没资格惋惜
若无其事 忍痛走下去
在深夜喃喃自语
没有人像你
一句话就能带来
天堂或地狱
你太懂得我
感动我从不费力
要伤我就更容易 彻底
最深刻那种感情
就是最动荡那种感情
虽然不安宁 却蕴藏惊喜
两全其美 不会降临
在冷静之后剩冷清
太倔强的人 没资格惋惜
若无其事 忍痛走下去
在深夜喃喃自语
没有人像你
一句话就能带来
天堂或地狱
你太懂得我
感动我从不费力
要伤我就更容易
像遗憾喃喃自语
没有人像你
让困境或是命运
不值得忧虑
不计划未来
享受当下的美丽
是任性还是勇气
越哭泣 越生气
多 嫉妒你爱恨都随意
对日记喃喃自语
没有人像你
能那么自由
想放开就能舍弃
我恨我假忘记 却不停回忆
像遗憾喃喃自语
没有人像你
让困境或是命运
不值得忧虑
不计划未来
享受当下的美丽
为何我无法随性 像你"
三吋日光,254138,http://music.163.com/song/media/outer/url?id=254138,梁静茹,"作词 : 方文良/陈没
 作曲 : 方文良
 编曲 : 陈建骐
深秋山顶风微凉
恋人并肩傻傻看夕阳
仰望 你为我敞开的天窗
一段日光落在手心三寸长

你说 秋天掌上的日光
一吋能许一个愿望
希望我爱的人健康
个性很善良
大大手掌能包容我小小的倔强
你的浪漫只有我懂 欣赏
能让眼泪长出翅膀
飞离我脸庞
还想每天用咖啡香不让你赖床
周末傍晚踩着单车逛黄昏市场
我的浪漫只有你懂欣赏
就让每个台风晚上 不恐慌紧张

第三个愿望 还不想讲
你自己想一想
问微笑的月光

你说 秋天掌上的日光
一寸能许一个愿望
希望我爱的人健康
个性很善良
大大手掌能包容我小小的倔强
你的浪漫只有我懂欣赏
能让眼泪长出翅膀
飞离我脸庞
还想每天用咖啡香不让你赖床
周末傍晚踩着单车逛黄昏市场
我的浪漫只有你懂欣赏
就让每个台风晚上 不恐慌紧张

一人一支闪闪仙女棒
好像我们指尖有星光
很烫 可是很灿烂很漂亮
一点点光捧在手上像太阳
等到世界末日你才讲
那个愿望 一起握紧不放"
可以的话,34614557,http://music.163.com/song/media/outer/url?id=34614557,梁静茹,"作词 : 黄婷
 作曲 : 鸦片丹

每一次你不开心
我也跟着伤心
我们的心那么近
一定 很有默契
不必想该做什么
才算够得体
我始终相信
哪天 你会听见
诚实的声音

我知道爱并不是
谁能取代谁
可是我 想帮你捡起
无谓的心碎

可以的话 我们重新来过
可以的话 让我弥补他犯的错
旅途的美景 还有很多
何必固执
逗留这段残破
可以的话 转过身看看我
可以的话 让我松开你的枷锁
迷途的 流星点点坠落
总有一颗 在梦中闪烁

每个人的身体里
都有两个自己
一个在表面坚强
一个 躲在心底
如果时间够长了
就能看清晰
我不会放弃
哪天 简单的爱
能创造奇迹

我知道爱并不是
谁能取代谁
可是我 想帮你捡起
无谓的心碎
可以的话 我们重新来过
可以的话 让我弥补他犯的错
旅途的美景 还有很多
何必固执 逗留这段残破
可以的话 转过身看看我
可以的话 让我松开你的枷锁
我们都 曾经那么寂寞
才真的懂
彼此的软弱
可以的话 我们重新来过
可以的话 让我弥补他犯的错
旅途的美景 还有很多
何必固执 逗留这段残破
可以的话 转过身看看我
可以的话 让我松开你的枷锁
我们都 曾经那么寂寞
才真的懂
彼此的软弱"
明明白白我的心 (Live),108141,http://music.163.com/song/media/outer/url?id=108141,梁静茹,"作词 : 李宗盛
 作曲 : 李宗盛
 编曲 : Mac Chew
 制作人 : 李宗盛
(李)小女生长大了哈

(梁)明明白白我的心渴望一份真感情
曾经为爱伤透了心为什么甜蜜的梦容易醒
(李)你有一双温柔的眼晴你有善解人意的心灵
如果你愿意请让我靠近我想你会明白我的心
(梁)星光灿烂风儿轻最是寂寞女儿心
告别旧日恋情把那创伤抚平不再流泪到天明
(李)我明明白白你的心你渴望一份真感情
(梁)我曾经为爱伤透了心为什么甜蜜的梦容易醒


(梁)明明白白我的心渴望一份真感情
曾经为爱伤透了心为什么甜蜜的梦容易醒
(李)我有一双温柔的眼晴我有善解人意的心灵
如果你愿意请让我靠近你的心事有我愿意听
(梁)星光灿烂风儿轻最是寂寞女儿心
告别旧日恋情把那创伤抚平不再流泪到天明
(李)我明明白白你的心渴望一份真感情
(梁)我曾经为爱伤透了心为什么甜蜜的梦容易醒
(李)你有一双温柔的眼晴你有善解人意的心灵
如果你愿意请让我靠近你的心事有我愿意听
(梁)星光灿烂风儿轻最是寂寞女儿心
告别旧日恋情把那创伤抚平不再流泪到天明
(合)明明白白你的心(我的心)渴望一份真感情
曾经为爱伤透了心为什么甜蜜的梦容易醒"
为你我受冷风吹 (Live),108177,http://music.163.com/song/media/outer/url?id=108177,梁静茹,"作词 : 李宗盛
 作曲 : 李宗盛
 编曲 : Mac Chew
 制作人 : 李宗盛
为你我受冷风吹 寂寞时候流眼泪
有人问我是与非 说是与非
可是谁又真的关心谁
若是爱已不可为你明白说吧无所谓
不必给我安慰 何必怕我伤悲
就当我从此收起真情 谁也不给

我会试着放下往事 忘了过去有多美
也会试着不去想起 你如何用爱将我包围
那深情的滋味
但愿我会就此放下往事 忘了过去有多美
不盼缘尽仍留慈悲 虽然我曾经这样以为
我真的这样以为

为你我受冷风吹 寂寞时候流眼泪
有人问我是与非 说是与非
可是谁又真的关心谁
若是爱已不可为 你明白说吧无所谓
不必给我安慰 何必怕我伤悲
就当我从此收起真情 谁也不给

我会试着放下往事 忘了过去有多美
也会试着不去想起 你如何用爱将我包围
那深情的滋味
但愿我会就此放下往事 忘了过去有多美
不盼缘尽仍留慈悲 虽然我曾经这样以为
我真的这样以为

为你我受冷风吹 寂寞时候流眼泪
有人问我是与非 说是与非
可是谁又真的关心谁
关心谁 会关心谁 谁会关心谁"
飘洋过海来看你,1444900736,http://music.163.com/song/media/outer/url?id=1444900736,梁静茹,"作词 : 李宗盛
 作曲 : 李宗盛
 编曲 : 吴加恩
 制作人 : 陈建骐
为你 我用了半年的积蓄
漂洋过海的来看你
为了这次相聚
我连见面时的呼吸
都曾反复练习
言语从来没能将我的情意
表达千万分之一
为了这个遗憾
我在夜里想了又想
不肯睡去
记忆它总是慢慢的累积
在我心中无法抹去
为了你的承诺
我在最绝望的时候
都忍着不哭泣
陌生的城市啊
熟悉的角落里
也曾彼此安慰
也曾相拥叹息
不管将会面对
什么样的结局
在漫天风沙里
望着你远去
我竟悲伤得不能自己
多盼能送君千里
直到山穷水尽
一生和你相依
为你 我用了半年的积蓄
漂洋过海的来看你
为了这次相聚
我连见面时的呼吸
都曾反复练习
言语从来没能将我的情意
表达千万分之一
为了这个遗憾
我在夜里想了又想
不肯睡去
记忆它总是慢慢的累积
在我心中无法抹去
为了你的承诺
我在最绝望的时候
都忍着不哭泣
陌生的城市啊
熟悉的角落里
也曾彼此安慰
也曾相拥叹息
不管将会面对
什么样的结局
在漫天风沙里
望着你远去
我竟悲伤得不能自己
多盼能送君千里
直到山穷水尽
一生和你相依
陌生的城市啊
熟悉的角落里
也曾彼此安慰
也曾相拥叹息
不管将会面对
什么样的结局
在漫天风沙里
望着你远去
我竟悲伤得不能自己
多盼能送君千里
直到山穷水尽
一生和你相依

对唱编写 : 陈建骐/潘妮琪
 吉他 : 鬓角（本励门）
 弦乐编写 : 吴加恩
 弦乐 : WOT Music我的音乐制作
 弦乐监制 : 许义昕
 第一小提琴 : 陈韦全/陈柏邑/高维浓
 第二小提琴 : 黄郁婷/张誉耀/薛媛云
 中提琴 : 袁绎晴/陈可倪
 大提琴 : 吴登凯/许书闲
 和声编写 : 田晓梅
 配唱制作人 : 田晓梅
 录音师 : 陈以霖/林尚伯
 录音室 : 完美声音录音室
 混音师 : 林文骏
 混音录音室 : 强力录音室
 OP : Promise Productions Studios Co./Ltd. 敬业音乐制作股份有限公司
 SP : Warner Chappell Music Taiwan Ltd."
温柔,32924538,http://music.163.com/song/media/outer/url?id=32924538,梁静茹,"作词 : 五月天 阿信
 作曲 : 五月天 阿信
 编曲 : 真藤敬利
 制作人 : 陈建良
走在风中今天阳光
突然好温柔
天的温柔地的温柔
像你抱着我
然后发现你的改变
孤单的今后
如果冷该怎么度过
天边风光身边的我
都不在你眼中
你的眼中藏着什么
我从来都不懂
没有关系你的世界
就让你拥有
不打扰是我的温柔
不知道不明了不想要
为什么我的心
明明是想靠近
却孤单到黎明
不知道不明了不想要
为什么我的心
那爱情的绮丽
总是在孤单里
再把我的最好的爱给你
不知不觉不情不愿
又到巷子口
我没有哭也没有笑
因为这是梦
没有预兆没有理由
你真的有说过
如果有就让你自由
我给你自由 我给你自由 我给你自由 我给你自由 我给你全部 全部 全部自由
这是我的温柔 还给你的自由 这是我的温柔 还给你的自由
不知道不明了不想要
为什么我的心
明明是想靠近
却孤单到黎明
不知道不明了不想要
为什么我的心
那爱情的绮丽
总是在孤单里
再把我的最好的爱给你
不知不觉不情不愿
又到巷子口
我没有哭也没有笑
因为这是梦
没有预兆没有理由
你真的有说过
如果有就让你自由"
用力抱着,254100,http://music.163.com/song/media/outer/url?id=254100,梁静茹,"作词 : 小寒
 作曲 : 朱敬然
我心里也有的忐忑
时间跟我说会好的
决心放好了
这一次非你不可 oh~no~
若这不是爱 那有过的是什么

寂寞时你像个贝壳
闭上眼 你倔强地捂住双耳
背对背地坐着 我们用沉默在拉扯
看谁的泪先输掉拔河

爱我时你不够严格
总忘了 能够牵手多么难得
我不怕生命有挫折
不怕回忆会有皱折
唯有你说要放弃 我不愿附和

你心里有多少忐忑
交给我去用力抱着
双手还有热 或许能唤起你的不舍
有一天我们伤的心会愈合
心里的忐忑 抱着慢慢就会好的
感动都有了 还有什么不认可
不准我们把爱 给走成了坎坷

多少恋人不费唇舌
在一起 却说服彼此不适合
我懂得生命有沼泽
懂得爱会失去光泽
只是在你怀里是 快乐的抉择

你心里有多少忐忑
交给我去用力抱着
双手还有热 或许能唤起你的不舍
有一天我们伤的心会愈合
心里的忐忑 抱着慢慢就会好的
感动都有了 还有什么不认可
不准我们把爱 给走成了坎坷

我心里也有的忐忑
曾经你也勇敢抱着
思念还有歌
唱着我无法对你割舍
相信我们伤的心会愈合
心里的忐忑 时间跟我说会好的
决心放好了 这一次非你不可
若这不是爱 那有过的是什么"
可乐戒指,254142,http://music.163.com/song/media/outer/url?id=254142,梁静茹,"作词 : 五月天 阿信
 作曲 : Jasemaine
 编曲 : 洪敬尧
星星在天上写诗
浪漫到放肆
嘴角的吻还微湿
我害羞掩饰
我调整了我坐姿
假装更矜持
你的紧张你的攻势
就像个孩子
你把我喝完的可乐
拉环当作戒指
轻轻套上了我手指
你问能不能一辈子
那一秒突然爱上了你
傻傻的固执
我不要你解释
我不要你发誓
我只要你记得此刻
你眼里我的样子
爱我不要解释
爱我不要发誓
这一刻到世界末日
让我们一起把爱
化成最美最美的钻石

你把平凡的日子
变成纪念日
永恒变成未来史
男孩变王子
我不要有大房子
也不要大宝石
我会珍惜可乐戒指
永恒的消失
你用吃完的糖果纸
那是你的方式
默默地写下你发誓
你说保护我一辈子
那一秒突然看到了
你背后的双翅
我不要你解释
我不要你发誓
我只要你记得此刻
你眼里我的样子
爱我不要解释
爱我不要发誓
从此刻到世界末日
让我们一起把爱
化成最美最美的钻石
我不要你解释
我不要你发誓
我只要你记得此刻
你眼里我的样子
爱我不要解释
爱我不要发誓
从此刻到世界末日
让我们一起把爱
活成最美的钻石
你在等答案
我会对你说
YES"
还是好朋友,86283,http://music.163.com/song/media/outer/url?id=86283,梁静茹,"作词 : 林夕
 作曲 : 黄韵玲
 编曲 : 钟兴民
没有人要内疚 没需要缘由
在十字街头 就相互保佑
那些体贴问候 那美丽镜头
没必要一分开就变成了诅咒
相爱这一场
可能是为了
能拥有一个好朋友
还是好朋友 比爱人长久
不能牵的手按在心头
在最寂寞的关头 永远在左右
事过情迁后
（升华以后）升华眼泪后
思念是最漫长的享受
（漫长的享受）
那无痛的伤口 还带着温柔到白头
亲吻失去感受 火花烧到尽头
 没激情有感情
有另一种邂逅
相爱这一场
可能是为了
能拥有一个好朋友
还是好朋友 比爱人长久
不能牵的手按在心头
在最寂寞的关头 永远在左右
事过情迁后 合（升华以后）升华眼泪后
思念是最漫长的享受（漫长的享受）
那无痛的伤口 还带着温柔到白头
还是好朋友 比爱人长久
不能牵的手按在心头
在最寂寞的关头 永远在左右
事过情迁后（升华以后）升华眼泪后
思念是最漫长的享受（漫长的享受）
是什么叫你我 只配做一对好朋友"
不想睡,254316,http://music.163.com/song/media/outer/url?id=254316,梁静茹,"作词 : 陈没
 作曲 : 宮沢和史
 编曲 : 项仲为
宇宙中默默自转的星球
暝暝之中你要现在遇见我

我看过瞬间燃烧的花火
昙花一现之后悄悄地坠落
我醉过真夏冰酿的梅酒
醒来以后还有你在陪着我
那种微酸的滋味
有点微醺的感觉
梦做一半比较美
爱我的人还没睡
不想睡我要陪你一整夜
我要幸福的催眠
天旋地转的晕眩
不想睡我要陪你一整夜
我要今天的完美
不要明天的幻觉
我看过瞬间燃烧的花火
昙花一现之后悄悄地坠落
我醉过真夏冰酿的美酒
醒来以后还有你在陪着我
那种微酸的滋味
有点微醺的感觉
梦做一半比较美
爱我的人还没睡
不想睡我要陪你一整夜
我要幸福的催眠
天旋地转的晕眩
不想睡我要陪你一整夜
我要今天的完美
不要明天的幻觉

雪花盛开在风中
是你紧紧抱着我
泪光在闪动
一闪一道彩虹
不想睡我要陪你一整夜
我要幸福的催眠
天旋地转的晕眩
不想睡我要陪你一整夜
我要今天的完美
不要明天的幻觉"
昨天,254498,http://music.163.com/song/media/outer/url?id=254498,梁静茹,"作词 : 管启源
 作曲 : 陈小霞
 编曲 : 屠颖
 制作人 : 光良
Recording Engineers: 谢光华 / 黄钦胜
Mixing Engineer: 林挥斌
Recording Studio: 明水 / 强力
Mixing Studio: 敬业
Musicians:
Guitars: 倪方来
Background Vocal Arrangement: 光良
Background Vocals: 光良
OP: EMI Music Publ. (S.E.Asia) Ltd., Taiwan Branch / Rock Music Publ. (MAL) Sdn., Bhd.
SP: Rock Music Publ. (TWN) Co., Ltd.
ISRC TW-A45-00-653-08
假装你不曾亲吻她的脸
假装你不曾靠在她的肩
假装你不曾赞美她的眼
假装你不曾记得
她鼻子的弧线
虽然你现在躺在我身边
虽然你现在只对我想念
虽然你现在说爱我不变
但为何你只抽她习惯的香烟
我可以占有你眼睛全部的视线
在亮了灯的房间
你的心有一部份我却看不见
我已经占有你生命全部的时间
却在意那些 你从来不说
我从来不问你的昨天

虽然你现在躺在我身边
虽然你现在只对我想念
虽然你现在说爱我不变
但为何你只抽她习惯的香烟
我可以占有你眼睛全部的视线
在亮了灯的房间
你的心有一部份我却看不见
我已经占有你生命全部的时间
却在意那些 你从来不说
我从来不问你的昨天
我可以占有你眼睛全部的视线
在亮了灯的房间
你的心有一部份我却看不见
我已经占有你生命全部的时间
却在意那些 你从来不说
我从来不问你的昨天"
你还在不在,254350,http://music.163.com/song/media/outer/url?id=254350,梁静茹,"编曲 : 黄中岳
 制作人 : 黄韵玲
 作词 : 许世昌/管启源
 作曲 : 黄韵玲
与你MSN像两个小孩
漂流在　无人的大海
认真的写爱的告白
连村上都不明白
哦　你的爱能不能持续到未来
我为了这未知学塔罗牌
想知道命运的安排
有一天我老去你还在不在
我的身边赞美我为你煮的每道菜
带我去看世界杯足球赛
不知道那一天我老去你还在不在
我的身边为我的坏脾气继续忍耐
岁月流逝　有你陪我感慨
有一个传说
在喜欢的人手心上一直划圈圈
一辈子你的心里面
会为我保留位置
哦　你的爱能不能持续到未来
我为了这未知学塔罗牌
想知道命运的安排
有一天我老去你还在不在
我的身边赞美我为你煮的每道菜
带我去看世界杯足球赛
不知道那一天我老去你还在不在
我的身边为我的坏脾气继续忍耐
岁月流逝　有你陪我感慨
我有多爱你　怎么说也说不清
此刻只想被你抱紧　在怀里
有一天我老去你还在不在
我的身边赞美我为你煮的每道菜
带我去看世界杯足球赛
我知道那一天我老去你一定会在
我的身边为我的坏脾气继续忍耐
岁月流逝
有你陪我感概
突然你说
你也一样期待"
PK,254101,http://music.163.com/song/media/outer/url?id=254101,梁静茹,"作词 : 姚若龙
 作曲 : 曹格
你有坚持的事情
我也有我的个性
这次不让你
call我兄弟飙歌去
跟两个人有关系
你却一个人决定
情绪谷底
约好姐妹喝香槟
最恨别人对我不相信
我向往的亲密是一起做决定
干涉太多是囚禁
沟通太少是疏离
爱有千百万种定义
三天不联络 和解要被动
我不谈对错 假装没冷战过
想在爱里当主key 要抢到麦克风
三天泪狂流 残局你来收
我虽然心疼 不能摊手低头
心思拉扯中 PK寂寞

你有坚持的事情
我也有我的个性
这次不让你 我这次不让你
call我兄弟飙歌去
跟两个人有关系
你却一个人决定
情绪谷底 情绪谷底
约好姐妹喝香槟
最恨别人对我不相信
我向往的亲密是一起做决定
干涉太多是囚禁
沟通太少是疏离
爱有千百万种定义
三天不联络 和解要被动
我不谈对错 假装没冷战过
想在爱里当主key 要抢到麦克风
三天泪狂流 残局你来收
我虽然心疼 不能摊手低头
心思拉扯中 PK寂寞
三天不联络 和解要被动
我不谈对错 假装没冷战过
想在爱里当主key 要抢到麦克风
三天泪狂流 残局你来收
我虽然心疼 不能摊手低头
心思拉扯中 PK寂寞
三天不联络 和解要被动
我不谈对错 假装没冷战过
想在爱里当主key 要抢到麦克风
三天泪狂流 残局你来收
我虽然心疼 不能摊手低头
心思拉扯中 PK寂寞"
L.I.E,254281,http://music.163.com/song/media/outer/url?id=254281,梁静茹,"作词 : 林怡芬/陈没
 作曲 : Kim Sung Tae (2Step Ent.)
我还没有准备好
突然之间
无法解释的奇妙感觉
阴的天云好远
有些事正发生在我心里面
再也不能假装看不见
是什么在蔓延
从眼里到指尖太明显
如果把手给你
请问爱情会让你
带我到哪里去

Love Is Everything
不想公开的秘密
我还盯着你
假装没事慌了的眼睛
Love Is Everything
从天而降亿万颗星星
我很确定
别想逃出你的手掌心

是什么在蔓延
从眼里到指尖太明显
如果把手给你
请问爱情会让你
带我到哪里去

Love Is Everything
不想公开的秘密
我还盯着你
假装没事慌了的眼睛
Love Is Everything
从天而降亿万颗星星
我很确定
别想逃出你的手掌心

快喘不过气
爱不可思议
真了不起 怎么你还可以装神秘

Love Is Everything
不想公开的秘密
我还盯着你
假装没事慌了的眼睛
Love Love Is Everything
从天而降亿万颗星星
我很确定
别想逃出你的手掌心"
孤单北半球 (live),254260,http://music.163.com/song/media/outer/url?id=254260,梁静茹,"作词 : 陈静楠
 作曲 : 方文良
 编曲 : 方文良/梁介洋
作曲：方文良
作词：Benny. C
用你的早安陪我吃晚餐
记得把想念存进扑满
我 望着满天星在闪
听牛郎对织女说要勇敢
不怕我们在地球的两端
看你的问候骑着魔毯
飞
用光速飞到我面前
你让我看到北极星
有十字星作伴
少了你的手臂当枕头
我还不习惯
你的望远镜望不到
我北半球的孤单
太平洋的潮水跟着地球
来回旋转
我会耐心地等
等你有一天靠岸
少了你的怀抱当暖炉
我还不习惯
E给你照片看不到
我北半球的孤单
世界再大两颗真心就能
互相取暖
想念不会偷懒
我的梦通通给你保管
不怕我们在地球的两端
看你的问候骑着魔毯
飞
用光速飞到我面前
你让我看到北极星
有十字星作伴
少了你的手臂当枕头
我还不习惯
你的望远镜望不到
我北半球的孤单
太平洋的潮水跟着地球
来回旋转
我会耐心地等
等你有一天靠岸
少了你的怀抱当暖炉
我还不习惯
E给你照片看不到
我北半球的孤单
世界再大两颗真心就能
互相取暖
想念不会偷懒
我的梦通通给你保管
少了你的手臂当枕头
我还不习惯
你的望远镜望不到
我北半球的孤单
太平洋的潮水跟着地球
来回旋转
我会耐心地等
等你有一天靠岸
少了你的怀抱当暖炉
我还不习惯
E给你照片看不到
我北半球的孤单
世界再大两颗真心就能
互相取暖
想念不会偷懒
我的梦通通给你保管"
爱情之所以为爱情,254105,http://music.163.com/song/media/outer/url?id=254105,梁静茹,"作词 : 黄婷
 作曲 : 周谷淳
买CD 把你的声音丢在角落
看电影 到结局总是配角的错
你要的故事 让你去说
我要的生活 我好好过

写日记 写不出是谁的感受
夜空里 每个人占有一个星座
你到底懂不懂 我只要一点温热的触碰

你到底懂不懂
有些话 并不是 一定要说

你总说爱情之所以为爱情 是用来挥霍
你总是漫不在乎 当我看著自己的稀薄
你编织的感觉难以捉摸
你比我的梦境还困惑

我看见爱情之所以为爱情 谁都在挥霍
我想的天长地久 也许只是时间的荒谬
我沉迷的感动与你不同
我的了解让我自由


一场雨 有时候下得不是时候
就像你 说难过不是真的难过
你到底懂不懂 我只要一个安稳的等候

你到底懂不懂
想你想得好像 空气都停了

你总说爱情之所以为爱情 是用来挥霍
你总是漫不在乎 当我看著自己的稀薄
你编织的感觉难以捉摸
你比我的梦境还困惑

我看见爱情之所以为爱情 谁都在挥霍
我想的天长地久 也许只是时间的荒谬
我沉迷的感动与你不同
我的了解让我自由

你总说爱情之所以为爱情 是用来挥霍
你总是漫不在乎 当我看著自己的稀薄
你编织的感觉难以捉摸
你比我的梦境还困惑

我看见爱情之所以为爱情 谁都在挥霍
我想的天长地久 也许只是时间的荒谬
我沉迷的感动与你不同
我的了解让我自由
我沉迷的感动与你不同
我的了解让我自由"
大地之歌,5250816,http://music.163.com/song/media/outer/url?id=5250816,梁静茹,
